mensagens,complexidade,atendentes,tempo_real,tempo_predito,satisfacao
7,4.44945483498698,7,315.35775793915536,285.0142840057218,7
4,4.7980824946305685,5,364.6007035649883,379.6122869154236,7
13,1.5882939237161517,1,181.7344931419416,173.41060504423655,8
11,4.706350500645978,6,325.4795180051116,302.8781312243044,7
8,2.9684651723181528,5,230.1990352431033,221.19877808318705,6
13,2.0329775531958334,3,614.1227996132056,239.26578395045703,1
5,2.8365430249530452,7,246.18030648945907,235.4736047491346,7
7,4.920130301141908,9,358.67732026140396,365.84639262559637,5
10,2.9704723759714784,9,217.79910907990006,203.1799835655906,7
3,2.315006441150033,9,176.41305359316885,191.57149059164124,8
7,3.533603417266903,2,285.0003390237231,298.71049379952717,6
11,1.9605824751127723,3,199.494841510756,236.46701817668423,8
11,1.3034533124346557,7,116.39044246745576,112.87916355747144,9
8,1.515518887642597,5,151.61841928478907,164.9915153799472,8
5,1.5121833558310898,2,188.20884407109352,190.1701948618724,8
4,1.6076107740491774,3,179.37528777749372,205.29272341475402,8
8,1.5553086905976405,6,123.62902428022161,109.25237652804701,7
8,3.5634989792128584,7,275.0285925945345,289.9286988520801,7
3,1.7275203375965793,9,117.56007486969766,113.66612894736403,7
6,2.382669133295453,1,256.54885095939443,255.26508741722446,7
5,4.587153639624047,7,356.3404584236924,358.1755081126598,4
2,2.8958465610514894,8,199.960024789293,205.00483271782653,7
8,3.6702309540841087,3,672.2595444038516,269.93496354141234,1
12,1.6892794848065193,4,177.0667057601895,181.36096942360004,8
14,1.769156075234683,6,182.66375903905956,214.22612019030325,7
6,1.1634744650659155,7,149.18367971726383,168.8926734295682,6
2,1.6757402522886582,4,162.10117122053325,179.48426307047117,8
12,2.1143613561278345,8,174.3121697162179,165.2013791957405,7
5,1.7080419371069873,5,165.50285937471844,147.71804281015196,8
1,1.3548101350282225,1,189.6993827871313,208.80539395188634,7
12,1.4825434844024032,4,208.61775926939973,226.13869511999562,7
10,2.843115072130903,3,638.0423494019269,267.49576291694655,1
6,1.82533487362317,9,143.3261873398088,131.2465748204242,7
13,2.457079444192302,8,194.4401642280196,189.84919112081266,7
12,3.0136690834194275,1,307.10693987925583,274.31725662874715,7
9,3.761579314517461,6,287.1645061731111,279.3150840518936,8
1,1.1572485593643957,9,104.05567165442527,123.98708186601421,7
11,4.197641595636171,7,295.9837672268434,286.65385964227943,7
11,3.511601557963631,4,294.73299759649444,307.5425935005109,4
10,1.3270361277954876,1,184.4742835352681,180.66422141531189,6
12,4.4943144964271085,2,378.98244813346724,385.46358869789844,4
12,4.683489602127253,5,345.46522108698065,322.5113932906673,4
14,1.244311839419455,5,150.3152162737001,152.0194052663781,6
14,2.107510592588815,8,166.0116933500542,106.18897393203974,8
14,4.224805119172245,6,330.37906091191724,326.6411377486775,5
3,3.9930387615346334,8,278.81141983825074,246.20195496394794,6
12,1.7380840774255093,2,177.68955762242732,201.80944795336364,8
7,1.8373972933468412,3,219.17266011152034,234.72080716681057,7
4,2.481888411165528,6,195.32732015699239,204.660739796314,8
9,2.9380919407640853,3,256.4790213661128,286.89914590930044,6
3,3.473019086121184,6,259.4462257566187,240.4678953401219,5
5,2.4756545582790896,6,229.15584489430768,264.10310885261885,8
3,2.8501388645325916,2,238.9732186622751,257.61704994748277,6
7,3.989883752535026,7,336.4592531570015,331.7281474126226,4
5,1.1467328115623916,2,184.6448208297343,207.35722377339317,7
9,2.009747777376083,6,183.93345035450238,161.8075801062697,6
7,3.8533983435382098,1,340.3804906030483,323.89020737249484,5
2,4.580827350748797,3,369.1329521677927,356.9611577029987,5
4,3.0467097684626645,2,290.61942253345,280.0398683721697,6
9,3.1284539410612626,7,247.38547025292664,226.2543173977216,6
12,1.4286880453591042,4,174.05534971159798,198.5170110535045,7
14,2.7896494672938186,8,208.7226782564578,203.54559024906118,8
2,3.1304690658200927,6,244.8680676445957,251.9181670117333,7
10,1.9698820145389186,4,195.92382161753244,184.51679428925883,9
9,2.076972923797524,5,191.69475122256122,155.2826852115909,8
10,2.5091366524184906,9,197.5547505981154,202.95589776594383,8
5,1.0802847911109055,7,123.72043830086726,85.47533879247172,7
2,2.288316662332713,9,123.19317021999862,121.82048929828925,9
4,1.8457920279861786,7,170.58603332711712,143.21973255046092,7
12,2.3099894087116586,1,251.5204074434811,291.26592742809726,6
12,1.4790485272770049,8,128.46228028993184,146.68953473342629,8
7,4.56210912295958,4,347.8987705812415,350.01384640667106,6
12,3.3743698142161946,3,309.3238796527619,334.59801320585524,6
13,3.7164092765779584,7,287.1974535265204,270.2711339772057,5
8,4.156684954429354,3,327.8079322484071,338.67751982180897,6
3,2.993768795716229,8,225.73191204984175,229.728120724216,6
14,1.3476811523496948,6,126.2860181228624,131.5664197495358,8
1,3.148426167274191,5,238.21129756461752,263.6583675667529,6
4,3.3473644720835165,4,271.4411099561615,286.0909520117575,6
2,3.98175789673732,8,291.84137588998055,297.615849146481,7
8,2.7266381849187176,8,217.89516677576435,184.79741805119843,6
4,1.510321211182255,1,208.3155539723947,189.11462806680544,9
2,2.135103623194898,9,168.9826541944138,166.52847552249932,6
14,2.4523291855945404,5,224.88242544239682,226.74987292792986,6
6,3.583668965326405,4,285.39791399124,262.7938394977615,6
6,3.2831132186756475,6,263.465631290648,311.6991648022164,7
10,2.424386903591385,6,217.46935709389834,247.7972381989698,7
4,4.946060995171919,2,408.07802965751875,420.1203960653684,4
6,3.4230992774275486,8,263.2196572177726,264.6603944434475,7
13,1.948907166943978,7,177.55898772465463,173.3148083266316,7
2,1.407129890481615,1,199.69951654202066,180.66114734157594,8
10,1.611436556737328,5,182.7384469789861,184.28805734936336,8
12,1.9838309135380325,6,178.63203592354603,183.78708672640104,8
2,1.6427254930382227,4,165.33540981387762,140.50019830424515,6
10,1.746268096205223,2,202.3300813131569,209.01360965805486,7
14,2.1403806747753884,4,197.2493008144266,194.1441198379316,7
4,1.6934943811790193,1,201.4819887461254,163.3258375885776,6
14,4.587061698505701,7,323.05592184960926,305.84822163401924,6
8,1.3209349826465688,2,167.36980014379472,159.09768947536185,7
14,3.0980455582810187,2,281.2633105522755,319.01706369907936,7
7,2.641587307958646,9,160.09101847321202,171.22208096388718,6
12,4.929514467634426,5,368.9702736686596,342.2606422866618,7
9,1.4481556086722094,2,186.90741865076592,196.62814443911867,6
14,2.5914223961829665,9,573.2290143049552,142.28293452618786,3
8,4.877881733101475,9,332.5615890125746,354.215410090316,6
5,4.462028503575921,1,391.7852622789536,382.362769242596,4
13,4.268288283797119,3,321.98389906229255,320.1111752875091,6
2,2.0316113081797593,4,190.45580681229237,216.97173976313616,6
5,1.6835503495602633,7,139.47588572680633,113.73261435512133,9
8,3.674572879697724,4,286.3758262652305,258.4334625629707,6
10,4.717503956510344,2,395.49236001959684,383.82037349267677,4
9,3.227051572055719,7,240.71570224175107,261.4832792621374,6
12,3.2864507578795994,6,253.21932285311678,222.83240134357993,7
12,2.1199163746411367,3,187.1370470123669,130.49393505015553,7
12,4.077971732767748,6,314.20957441920325,305.18639725102327,5
13,1.7481749942300935,6,146.3016237310035,157.33643972922192,7
9,2.2947169456169747,5,208.5820061910134,232.58724118579,6
13,2.701745754465667,4,246.26539933731289,237.00217209560492,8
13,3.03044151473782,1,312.236369821849,304.00783767952896,5
1,1.969638929660321,6,158.54602979283257,181.6240444779475,8
9,1.4593472989568141,2,142.26815560009646,104.87332160618806,8
7,3.4424801697665304,3,299.3065533572972,291.53613785363706,5
9,2.154522212961023,8,196.27900050032417,200.08747829882532,7
8,3.324952885690449,6,278.0813684355185,287.06574286121923,7
1,1.6174508610968092,3,190.19194289492796,179.9958090311103,7
12,2.92456040741927,7,218.09908166067547,218.7879018947923,8
8,3.1303577302063434,4,279.92830276194024,230.16175569368045,7
8,1.2072941472897076,9,87.83445584181543,74.66948759513846,9
11,2.3464171127756823,5,217.93039330688418,227.00056755797354,6
3,1.537658707755897,3,189.84157485285323,170.19569416775963,6
1,1.253499881891071,2,191.11314152594744,192.29282595773938,6
8,4.959840929559781,2,438.98535635725307,447.922806373307,4
3,2.289415379898892,3,233.25116230161498,226.40017828445968,7
3,4.239497783418539,2,346.73541261949987,350.1446880394313,3
1,2.0185626190550554,4,200.73014246042342,181.47549115473117,7
11,3.726010888895717,2,297.0245147604063,292.8922891664854,6
5,4.040911439558746,9,262.03398940718887,274.2383127989733,6
10,3.382554962431377,2,296.81406117418607,299.95352039355475,7
7,2.8863047542006335,9,195.31695928301912,183.5863338917404,7
10,2.647363656589074,6,221.12714247585032,225.61147056166618,8
9,2.395473066171981,1,241.39208498458586,255.68428079731822,6
12,4.718116576991303,4,779.9024546293452,338.9036290577957,1
7,4.3224776311509165,1,369.35176384282795,392.5332451419459,7
9,4.86010764266605,6,351.4669537428838,344.74185896926235,6
8,1.497188893942179,4,164.91291288883696,173.42271155364156,6
12,3.923469900814577,3,327.73605430675934,351.6809927796639,5
2,4.753361827284151,3,387.5781836070636,360.14470966245426,4
1,1.7249322646626406,9,120.48898264409493,106.300162595544,8
7,1.26598506946711,6,126.08735683189776,120.31638291438367,9
7,3.964482597160236,9,263.3130653979642,247.6379949754756,5
14,3.2978924527196476,5,247.68548331108062,282.3842148278168,6
8,4.367315107033088,2,349.75003852616277,332.6145966496269,3
5,1.559089506505158,8,126.40205728713958,115.29112169740225,9
3,4.181069247439561,5,333.97999255706463,338.0677731891242,5
12,1.8065092801909781,2,212.32897674648754,188.28598622496577,7
8,1.654623771462818,4,182.18127495828224,174.26766072315698,7
6,1.6570631917239718,9,142.18726093595788,148.53632616096138,9
11,4.258298880925528,4,333.4373560295407,326.78014794189045,2
3,3.6607888827848005,4,305.50430571602135,303.6365685380224,6
1,3.0922616990764773,2,283.9873756506012,273.40073340163383,6
3,2.43532193649401,6,210.09975143063502,179.81034524701968,6
5,4.508802163252433,2,361.7867499309723,368.2186141577571,7
14,2.5697804296905415,7,167.60456840728608,202.7032298402309,7
3,4.266397757886308,3,343.9696780403839,344.33771065605265,6
1,2.7565396342808737,3,276.73360009835153,281.23888244330254,6
5,2.5077777176996303,5,234.35989409560167,248.21434919793887,8
10,2.8507191426784257,3,275.5241108295731,250.1375008986391,5
7,2.2055114966565683,2,250.87265062648737,284.92294378907945,6
14,3.9904375207050045,9,270.75611510672184,274.8026910351779,7
7,3.0108815603699166,2,283.61262923327894,316.2497672150611,6
11,1.9288507805872692,2,206.4662684037209,191.80560849324112,5
9,4.598298293098274,8,311.15680474549066,347.51804319664717,5
10,2.5355648854928456,9,191.37046037613788,206.87357025683355,7
10,3.1742114444559544,7,258.51095322488953,269.5717549419367,7
12,4.625888443858187,3,365.46161249627625,370.1421015833392,4
13,3.4969519836559684,9,233.0642800465869,228.0937076850979,4
3,1.4675921628334563,3,178.06344915285635,202.0740823223338,8
7,4.7593284944539,5,364.5778109011707,367.38500829813165,4
1,3.5108322122856714,9,218.99211049513713,179.65071642339407,5
4,2.3396224586283445,3,195.93463322064213,173.59090398650207,4
13,1.557088290653549,7,135.1672446968392,131.45032965298424,9
4,4.1761007570811834,1,342.2553590361586,348.45533869946973,5
14,3.480291023714054,4,281.1953584581336,280.0635886801357,6
5,3.133844367905286,4,265.81395729205514,290.1933730879284,8
7,4.575570332203831,7,317.73549379688467,278.71345651611216,6
7,4.154388844898123,8,311.05034371094854,313.9221024410517,7
13,1.6066995189310047,1,211.30314260489507,174.943558097152,5
11,2.246888271182193,5,209.32041166509399,224.51465757477735,7
13,1.993956559257863,7,178.97050071612279,177.08132642728273,6
4,3.975785170290708,4,301.46461345073095,309.85681289121334,6
13,1.1341297389431175,4,163.6344611478911,146.3568019360958,7
7,3.279558739485266,4,275.6370600710841,301.2263587042391,7
11,4.049834742962762,6,313.0472938363839,333.8817871175609,6
3,4.507062547046997,7,304.3458943272175,316.01678038745524,6
6,2.36832699486363,2,618.7932382015769,216.20289326430802,2
12,4.285029218688051,5,339.3700979916585,350.9672436975611,7
2,1.442526947820829,4,172.19775976071247,158.0599084009655,7
10,4.385809166938072,3,339.6177767009217,356.72888988133593,4
13,1.5099546493279297,7,127.55233274055536,160.54195062703377,8
14,2.589149162241469,6,232.23047150070968,253.6426827002934,6
9,4.1891814631182145,7,283.50970939408296,268.9176599979348,7
5,1.5996697093950951,5,190.62027686254515,197.8486232080072,7
6,1.917005580930566,6,161.5110238361159,135.64819296094294,7
12,3.889010273572265,5,312.91649529846165,324.36430152197516,5
12,3.8801461461842974,7,277.8794916348231,286.89155989207393,7
12,3.564590531541189,2,322.9232433587065,285.5269165680632,5
12,3.7757937778684,5,288.3859166403911,265.1502397621438,5
4,3.1708977733903847,6,247.8119728123387,242.14919487746334,8
14,2.007196235627811,6,181.04556176860447,175.02836682578794,6
14,2.3827839740156778,5,197.93422660421857,173.74468789584245,7
11,1.7263908672057027,7,164.69581721364406,172.47539180068773,8
10,4.633802245334513,8,310.329931222997,315.35940340180724,4
7,3.333567179064482,7,246.58503201376865,242.69964937419826,7
12,2.6034056670545596,5,211.2890994041459,196.17326940097865,6
9,2.8480232145765307,1,242.44638799266215,263.42053052099345,7
7,4.789133358447261,5,354.4825850678331,387.590727329599,4
14,1.6134056124643208,2,232.993568072053,223.32233839512224,7
1,3.344919328067189,5,282.4642240025017,270.22088565940527,7
1,3.023554715537864,5,251.12437723625592,260.94853054449584,7
9,3.4458169417385913,2,302.80565406619144,295.6450664712517,6
11,1.072440735283362,5,134.68343250918244,131.89548849591776,8
14,4.488495635776606,4,357.5165248742245,372.30958790871796,4
9,4.72847312993445,1,375.9961955664343,337.80907381628845,6
4,3.2605327343568358,3,302.34678948144324,328.7128359784966,5
13,3.786603295507569,1,347.9269174620728,349.3805279486597,4
9,4.689997524709183,5,362.17263736817,353.9427744769264,6
3,3.8289545372535945,4,316.31440831736154,314.52972523293255,5
7,1.6101561716570454,7,146.90362016483257,146.15220726524294,7
6,3.3051534406672527,5,278.40212497953746,243.77809891063896,5
8,3.4268601855314236,4,294.48882313800607,324.3875876870708,5
11,2.696522685209544,2,256.4807504484573,257.30726309386966,6
9,3.9457769424988913,4,308.14258995648,317.00263256542746,6
14,4.737468059076059,2,385.77592797349337,404.8069233849742,6
5,4.702274051627105,8,345.37174537005416,324.94849621884816,6
1,2.8033574856165284,3,239.6148430021832,249.08428098288778,6
3,1.452952183363021,9,95.16425201549467,89.8114301975188,8
10,4.939364795849338,4,378.833300369508,395.76871587383783,5
12,4.355592345783736,6,322.0988562748645,279.5543078678346,7
8,1.4986507248130674,5,162.51916845434016,160.53728244951478,8
11,4.683367530469489,1,394.66134979679686,382.60493668111764,4
6,4.479585448248513,9,295.4270930753887,304.0723520880718,5
8,3.0753522285042885,1,316.8690852892886,326.26996903665264,4
9,3.365101742979717,8,217.8925449016353,203.74002700519478,7
4,2.596010815480521,9,173.3331935571276,159.08971627360674,8
1,1.2190465552881253,9,101.59397191505181,99.38066454390523,9
14,2.3407889665836037,1,225.79950582770374,207.8666612813996,7
1,4.211413794392046,2,350.04701159704166,366.8866855060842,7
10,1.0185280920184114,1,196.03373800702494,188.649593998076,7
4,2.3339966867645767,2,240.353098530314,182.21333414388118,7
12,2.5926747743637732,8,199.02100004760663,191.5245589151705,7
14,3.1495824117516915,5,240.0724732275128,219.30159681063336,6
7,4.679422465651042,7,321.51992681847037,288.89441050925143,6
2,2.385383977463845,2,237.49509294297164,212.74656017852018,7
3,2.3878128075849108,8,178.50304200375118,180.69121144041057,8
1,3.9500049924389935,6,316.2249564713962,342.7977730363608,6
5,2.8088717635592286,8,216.89767172443058,223.1613612017302,7
1,1.8984192917599279,1,207.2332881515402,195.1032203872254,9
8,2.8097580645307736,1,282.2830555483265,291.40113945174056,7
1,1.5634280815191994,7,151.27901111860373,142.0972049142239,8
11,1.7055479460248932,8,559.4351123393126,145.5431049560497,3
1,2.993471090957919,3,293.3163757560007,270.229122391341,7
2,2.6757017980181916,5,215.31569500367348,180.2791188686391,7
2,4.6593836042724,1,377.4001535881889,369.601679457,5
12,2.4495755964665324,7,178.1108679042727,181.27193770267536,7
6,3.322353401112174,5,265.8309061801257,263.8984327798279,6
7,3.5290571516781215,8,258.7388047173823,250.41946615843514,3
5,1.0523778263533345,8,117.9526873300366,99.03776611610098,8
1,3.6541494880668424,9,248.10970392937267,260.27462776307203,6
1,1.7121438674790057,7,147.93091919991767,121.58828080098597,9
3,4.84428126987782,1,402.9332460764003,418.4538043532698,4
14,1.5946509110124518,3,173.15191113629677,153.1075707577623,6
2,2.658496494908095,8,230.85287051990727,215.80416577284657,7
5,1.3413986723145754,3,146.36900493210365,117.03330111979011,7
12,4.987497007383789,8,742.0209291264632,331.99288618875045,1
10,3.0087800413249703,1,320.8808957679428,340.38714493750234,6
6,3.381540069280175,5,272.99440182521045,283.30696359408955,7
7,1.26830590955371,4,153.24776904820018,172.81621128876088,7
4,3.999841881596711,5,304.62883155364625,315.071682472325,6
7,1.839622372382343,8,147.67146711650446,125.59807054589707,6
11,4.592217157762855,4,376.12575658591925,369.5099720993681,5
8,1.8205585619280287,4,156.05558504573912,140.45160246338986,8
11,1.7627508826546663,3,218.76655847872487,245.3780565595057,7
1,1.1461986713923795,7,97.41256299679061,73.47679006826438,8
6,2.888267780439997,3,259.29628188788365,277.1702356756659,7
8,3.2593645330504657,3,279.123205678548,296.9822830807234,8
5,1.2628345577134095,5,154.59837250936536,191.1907765436871,7
4,4.102110466780042,5,292.15476272854636,283.9610308759564,6
2,2.8131553389921105,6,235.72191033075578,249.96835352235902,5
6,3.09756107731032,8,256.218308987922,301.85134571869884,5
6,2.7630509877529126,6,205.3354491962826,192.98261565760868,7
11,2.603052243501304,1,269.0287271242342,238.327922173587,7
1,3.2385613252328715,8,224.38394684702314,186.78374616886788,6
9,1.62096098372285,8,143.64596711626652,157.90020769349314,7
12,1.7277125219810845,9,133.94996798010135,96.28696381892968,7
11,4.447142484054069,9,287.2062454075795,279.75986434882105,5
6,4.784461848534531,2,394.38579518513797,403.1320589259172,5
13,2.493237265119012,2,276.6594575539419,280.36296829054015,5
3,2.082978692574215,3,212.11516467854344,220.62406196222688,8
4,3.575998172956063,1,335.3562595095865,339.8020566256036,5
12,2.6349366843923856,4,218.6971066954757,244.27442296174357,7
11,1.1015454226413794,4,131.74617970621264,112.6998520914367,7
4,1.6246103894647614,9,134.56271753609133,121.0228147669207,8
3,3.86388891538959,9,284.09507535141495,268.64188644599847,7
10,3.6356957676406054,9,253.4759462902212,270.0797825274734,7
3,1.108383970013934,7,111.80716774298872,129.81513951089,7
3,1.8878886477317978,2,213.26268994525816,222.2871963316283,7
4,1.9242991863522856,5,166.70183517159137,190.37170850938992,6
7,3.6875709743949137,4,310.3219883590253,286.76117101149765,5
4,1.0788421510174566,8,117.96552499589852,151.31000722692124,9
9,1.4164343279382954,2,178.2047046838015,208.66947711804667,8
1,4.199664341492758,6,304.92922827317295,319.6416682180879,6
8,1.7141786482173345,5,176.8388923378208,212.474870513242,6
7,3.610984431407499,2,310.10826984384096,276.9758056902855,6
2,1.952731124186906,1,226.17187823182704,215.682915506574,7
8,1.3977655710373806,8,155.36176109974056,140.65569188610152,5
1,1.9726887639978163,2,214.65594032867904,229.0855268038259,8
11,3.8890677274226366,7,277.9689613650399,256.966146572997,6
12,4.422785872425143,9,285.6540252609812,300.80392824773094,7
9,4.320879458267966,9,300.415647068577,327.8263699485113,5
9,2.5887341184738193,8,192.60568451015763,206.50974251183763,4
2,3.6723405462825847,9,240.5998372021337,246.27485767536373,7
7,1.8199371816632839,2,229.0157913838922,209.25832456587722,7
14,2.172590921044053,6,211.64950033034773,194.71248100784044,5
10,4.5853432740844795,4,746.1142429589881,371.1066210649215,1
3,1.0520076940429441,4,115.12236237216742,130.70934245027405,10
7,1.3420341234178723,5,165.63475275262616,164.85436236507527,7
12,1.8315450205841093,3,189.6232538486465,181.2650629333287,8
10,1.1061288154952789,1,188.22711291715828,147.71095545493074,6
9,1.7257417403591893,8,113.99294715587382,92.57589878218505,6
4,3.3321662438787687,5,283.3189347072158,321.54731645001027,6
12,2.685698202369992,3,232.97431320298776,207.3652017829384,6
1,4.570686844307899,7,335.20267244447183,338.99226886889346,5
2,4.269774246953764,7,306.4005508347724,326.5494302986764,6
1,2.367269406791504,1,237.72707311654054,212.6286197564947,7
14,2.03769373372517,9,146.15607932960847,149.85028882523014,8
12,2.5187696326690676,2,261.42095481449456,280.1792655647077,5
5,3.361179770059231,5,273.25920300028235,273.50918943842737,7
5,2.072254563291505,5,203.10146850457755,260.46952961791294,5
11,3.496595631396536,8,279.4423466515245,246.07036147396056,4
7,2.6376466087649617,8,174.79517235023195,195.96974294790954,8
9,3.208188723407921,7,266.74951202900456,263.2934772810753,7
9,2.7445061165412667,7,216.23570605532421,231.67410915205772,7
3,2.1778630381676707,6,177.1900215652133,186.01616459919822,6
3,4.793813227848627,6,327.67408928483275,313.0109653426328,5
3,4.054423176639043,9,270.4285847366871,275.0085125858739,6
4,1.5604527030658102,6,167.4519138628155,130.29388483484976,6
8,4.473871903591651,2,366.51907740983603,378.5840274212639,4
6,2.9497247929980546,2,299.65081153359347,305.613980853404,6
8,4.578208907576366,5,322.92489910380857,335.6981024766706,7
1,4.199421023789261,4,331.78392720966485,352.94629371140786,5
8,2.700854017876934,2,243.2653394064192,250.61773621061343,7
4,1.0898772332804696,3,160.8471122362027,163.80890063216822,6
11,2.0747094375397843,7,187.7858771038466,170.16451037062075,8
1,3.1665368586434677,8,223.6807846133923,209.43636934041126,6
8,3.533912879304589,6,232.97156490886837,256.706257312415,7
4,2.031550741732809,5,194.87726670591599,223.60397482003555,7
6,1.5574242962912965,1,209.99653605348044,205.23432732723936,8
8,4.339720947197197,8,306.44767815625727,307.36773310132276,5
4,4.9376087228142085,3,404.79325624618485,386.7009687463095,5
14,3.1027607292107433,6,230.09983855790887,253.55497546325776,6
3,1.686717143393214,3,201.40627018534957,214.71460665918514,7
14,2.089229306077476,7,193.24137105181816,232.06571978109315,7
9,1.073562706189867,7,87.73494861129426,70.16848706769949,8
3,4.657195226241996,9,314.2264909633044,306.66633298294005,6
9,1.4710043315605645,5,150.6975624285188,155.32648087903024,8
13,3.3060659020570142,8,237.14111402689616,250.07090478141157,7
2,2.096220882748824,8,170.98840021800447,166.67504746705183,7
14,3.2167120100631736,1,295.69429214208714,278.23507033301314,7
2,3.605681553407457,5,276.2052720170232,293.83342259549465,7
2,4.318967214828806,3,349.6503191520487,364.07302640296035,4
6,1.8256850870424128,1,203.23241613960275,184.90693412832826,8
3,1.043983314633922,4,126.35162194475754,153.46047796686744,7
13,1.547542520275229,8,143.04315046086128,166.44712464479335,8
9,4.60007456739242,3,348.77256351616535,351.4584934611212,6
4,4.495560310250061,2,379.72830612864186,381.3202633761626,3
1,3.389652408681233,9,240.31801391368325,251.3991693360014,7
4,3.4020674417346135,5,248.23694557221782,231.00288416709265,6
1,3.660146698185022,7,259.4453321060665,260.04596168934813,5
14,1.7014851144937984,2,220.00074791533848,176.9530770231549,8
5,4.657647783699839,9,294.7413840548951,312.2704969649538,5
4,2.6750820995682925,9,183.53886203945672,152.30899759061953,6
8,2.53255411299799,4,238.8841601786578,268.9525567472378,7
8,3.07567082113135,4,276.2911069071199,269.6887050277909,7
7,1.1878638671002202,6,127.49874873534579,123.26540909672225,8
3,1.6651334750243176,6,150.9453555810844,138.3906774593943,9
1,3.9521344657054818,1,368.46361586780654,362.702838389365,5
1,1.3311946717005059,9,135.95517525899405,164.32580216195478,6
12,3.412608437865553,2,319.4393770336601,269.6832039029585,5
11,1.9813964387252838,5,190.16355846199238,215.70286618375613,7
3,2.557182456167906,9,171.30696154546047,178.06743116749462,8
6,2.1547749470827995,4,196.8298307266195,172.6893977694752,4
7,2.4226908658597965,3,243.19916353057417,221.6929156695894,9
6,3.876183620736982,7,288.8469905575492,322.37485110171326,6
14,2.1884868624927,6,212.33319064375843,193.4230530449038,7
14,3.2656185611875888,8,245.69386505929745,222.62685484737827,8
6,2.9042016087963987,3,241.70589200138664,264.4521828486812,9
6,3.6546846614505926,5,305.06029395287936,311.83135147859764,7
13,4.747318957299032,4,349.86822802822576,331.1097164974978,6
3,3.930288388841001,4,310.0577342511748,314.3902337592672,6
6,1.859761514363027,4,195.33869395555706,174.8236402827515,7
8,1.1247325402451387,8,137.41896476146778,159.43539272991987,7
11,2.0490561771993003,6,229.59214897203844,250.8195682695011,6
11,3.3803117228010193,3,301.9195492551039,312.5596732315428,5
2,1.2057032539370014,5,139.59424595541427,146.8274671803546,6
5,2.9854649888049454,6,247.145484055505,282.3692465528525,6
14,3.387371395667557,5,686.557115128161,286.5508416759254,1
1,2.3369755632678433,6,195.4085194127127,171.7710369042967,7
12,4.083648814983288,8,711.9470992376821,320.9365774943282,1
1,1.4263930125350872,7,139.03464213997626,180.75558313071855,8
5,1.300551126943235,5,155.49921395296502,135.20402408924798,7
12,3.9127550248144134,6,304.7541652696817,297.524909935802,9
13,2.981965264824794,4,265.24171504870446,273.5706358107335,8
3,3.753609585710944,9,267.80068264970083,266.72258566958607,5
4,2.739309354414985,4,235.09976346669524,215.45369185914893,7
3,1.9856081329564272,1,220.76196166819517,243.1991187928046,6
1,4.276409270696799,7,290.0822427472325,336.4830571875777,5
1,4.197663515875917,7,308.4523294118584,312.37495859233655,4
12,3.778785883417707,4,318.4112005577441,300.3298347630241,6
12,2.088580548919851,3,222.18142592746935,191.20221542639985,6
14,3.3609226674763484,8,266.772746548794,271.9322661732176,7
13,2.443895587760107,5,216.54979498317076,238.6273418494959,8
14,1.3663282933065366,7,142.0108224322799,151.51417736218752,9
5,4.669254301848971,4,343.7797449688486,343.73166815047153,4
6,1.5472745236758456,4,567.0299758834348,155.2445428476486,3
3,4.80094941528321,8,338.49003128047923,316.64675862611745,6
12,2.784023091831823,8,219.77791717105654,236.47294369755417,6
9,1.7405317153544786,2,200.02239870630598,218.29783113401768,6
5,3.1676037895134326,2,288.9822385929349,258.0676428591202,7
8,4.491783343505633,3,336.73889441012585,368.5356739737395,6
13,3.9288995456382447,3,320.3785347261956,331.8599591440756,6
1,4.2262445914457984,1,376.93042293954466,404.92231584246053,4
14,3.6351334668428694,3,316.73608325217066,289.89352828246837,4
5,3.76910625807141,6,293.65636130500275,266.339878196694,5
3,4.396782606261278,8,304.553561683391,301.57417548804506,6
12,1.9986720354367438,6,180.02626950562725,190.08195804353113,6
1,2.957699854572562,5,237.55717418225206,273.48439064079133,7
4,1.884837767278409,4,203.57269233974253,217.69427061604517,5
13,4.9506720319865885,3,393.35491608503617,388.5012905487955,3
5,4.776237358746453,4,373.95452424467913,353.4271400913613,5
7,1.1577072454740236,7,111.57191208842772,136.17192354281073,9
1,3.822300690062754,1,307.03789760569657,287.7437890906823,5
3,4.700993269662663,7,348.51688685606524,381.0862579515117,4
2,1.7223013805093341,1,206.15552099043398,200.4678279983038,6
9,3.271780922210518,2,283.36521887198427,315.1768603243413,6
10,4.661953190352167,4,370.11937509983994,383.6980009010255,6
6,1.1357839143431954,1,172.26684526180475,169.52693547295559,8
10,3.7896810689873597,9,273.2799098999409,262.89198246341834,6
3,2.189396029490203,6,200.61885101306265,193.80069346614107,6
8,4.697584781506121,1,402.1086267383744,410.67496058587915,5
14,4.884232980661471,1,382.56464317168025,384.1077730960346,4
8,4.777065956453736,6,364.80311716802015,352.92688900664604,4
2,2.896856866629855,4,257.7301699662992,254.41754175994652,8
6,4.448170603957253,4,341.35107914874214,342.92261974312515,6
7,4.378197594140282,6,324.84268265855064,282.2680007702544,6
2,2.2764018929730225,7,159.94058508490653,169.1039473806805,6
11,4.315661896602709,9,295.0695059683726,275.4750814740365,6
10,1.1480305388619705,5,123.44125970898715,100.37461164487225,9
2,3.385079513928212,9,212.81471654803974,179.06782960582552,6
10,1.9200353491508122,4,172.36673315578037,136.48888319842257,9
1,1.4822675431091152,2,205.62637821139577,178.51742814915,8
8,1.3078128065168366,3,159.02981748561837,144.84939833300857,9
1,3.785155103512559,1,360.115221859501,399.1804046100324,5
9,2.3594998550722646,6,193.5329693585514,183.01537584064732,8
11,3.899067086115046,6,268.3336558030085,271.8886579283691,8
6,1.2614253631957695,1,168.93765519251627,176.94728292264284,8
7,2.2611613513224413,3,244.20685537945056,246.82815910376755,6
13,3.157965169501349,5,257.1394375010309,255.59056828651103,6
10,4.162892659355855,3,331.54925011399223,307.64337484200735,6
7,2.2750100117282797,3,228.90087409148865,257.9194250570729,5
10,3.5035655057480364,3,307.74067138739537,343.8846042601531,6
3,4.543910992944749,5,359.3956418152219,325.7424679327682,6
2,3.4634527527292183,5,299.534653612147,279.0540817944194,4
9,1.931837899014535,4,190.51374425403583,184.9175374064957,9
8,1.097603126226152,1,155.96547228233854,136.6747163841347,9
13,4.4803954956037195,5,332.621752319374,342.74106338849134,5
12,1.0850776434015486,5,139.0088662028362,124.44342215470394,8
10,4.498806690736798,4,335.4720175510487,378.77313890718074,5
7,3.115748536108848,6,232.58764844310528,256.3986203299772,8
9,4.756270794051584,4,370.53306586634335,374.78454647898764,6
4,4.195132943094661,7,300.9781913121229,321.51791657851754,4
13,4.99173644213335,7,349.9961414591748,372.114149946321,6
4,2.4028472618068406,2,232.7934056879094,221.51445592674455,6
1,4.068753155724508,3,330.66917863038395,314.34483373954464,5
8,2.6077236544369686,1,252.59992210219355,254.1627833615865,6
14,2.9195024812156354,8,228.5231250398099,245.7558475297688,8
14,3.5100218528734803,9,256.1300511932651,258.9112591663335,7
12,4.4947084567453555,4,321.9896894711499,290.44975982732996,5
3,4.93633387679718,6,342.2373697049447,326.18088082592783,4
7,4.073093655458073,9,251.9376805011332,250.45822322924565,6
12,2.671067128669335,6,210.51366870405667,209.00035661754006,7
2,2.6854280091082807,9,189.8741109996414,229.32495453543757,7
2,3.950329206355566,4,295.275074085856,267.555315237876,7
7,1.9551085830732093,8,143.47861778751286,153.59040262423036,8
6,1.4418964525255786,9,101.45442657031222,131.23668873687802,9
3,2.418488630563106,4,228.2183277747705,273.64732268322643,7
9,2.148955966616327,5,199.97752305252337,191.88957458884414,6
10,2.1852324818239603,8,160.28788560937883,170.11647466378284,7
14,1.9344310041996398,6,178.71817333406938,190.1133804780423,8
13,1.1683727585454475,7,111.90216424391788,115.8117988749837,8
6,1.0714957389336552,3,150.2149176811285,148.2380136563424,8
10,4.950889558944127,7,372.1551548911257,380.8746626811266,5
10,2.7110925349434494,8,222.77246787346218,172.12754616906847,6
6,2.5373065886387267,6,192.7446767644096,206.38606656566222,7
1,3.7185891307722794,9,265.56133411452436,268.0848921877637,6
4,1.8730155514602567,6,184.55188140498927,180.10238346942396,7
10,4.799844735800901,9,300.7667348167648,341.703978731156,6
6,4.145380057662209,4,341.0044681160554,327.5057877402444,4
6,1.357644009249038,8,144.52761933113058,136.46609954982998,9
11,2.6703231031397134,4,223.38121409471663,263.2122801388113,6
12,4.516473230248659,2,357.2258514997055,340.5846254027084,6
5,4.778928089165641,9,732.000607352591,320.9983016938602,2
1,2.869606044999479,5,246.24879236235347,243.30828389373647,6
8,3.453645556842831,4,295.4908775391627,312.30556718175364,5
5,1.668135784368301,2,205.19698530810552,209.3530354551718,5
12,4.964674504547906,1,413.74090908679653,387.8884021437513,3
12,1.9266868055337736,7,145.70412640736018,135.0607551448164,6
12,4.770927096540502,6,361.96539139175184,349.8183027275076,6
5,3.598586595969474,2,333.45904564458505,331.9146247401241,5
7,3.4309471795154365,8,242.41596960990577,250.93284278250235,7
4,3.0507540440660343,4,262.39308839675414,270.7572035145136,4
6,1.9226792468710348,8,132.39414227392626,96.87390719295823,7
13,1.706112128022033,7,160.0805490215895,181.35936877280662,8
4,1.8819448362807014,5,191.49755180255426,196.54892872248672,7
14,1.745753048577018,8,143.8123176596314,171.5029586115095,8
3,4.118337894267013,9,293.9655740540783,302.8495405998917,6
7,2.4005010366669204,5,209.0189037353161,231.04536289003133,9
8,1.2313707062535855,5,152.35133126361913,161.68223749262168,7
4,4.876410520563246,2,377.289666153413,404.21418127746796,5
13,4.535143539853703,5,341.7553301281086,352.2003428484642,5
2,4.711009132780852,3,370.0452340983086,368.0869291694505,7
12,4.979631290585742,7,352.1574962657586,397.6061906746962,3
10,1.6955809968779492,5,166.19195588017658,183.97269832577442,8
14,2.584968075610635,8,193.1259956015631,204.60088402165135,7
3,4.032953902816365,1,364.3679417406045,338.8418534098378,6
1,3.784082472215169,3,310.4934847743369,284.72733242506615,5
8,1.6155836253594202,3,162.83636101048504,168.69067065332212,7
3,4.2633324999624715,9,312.0437085608296,314.9541325161944,6
12,1.8977622873466427,5,204.58754842115584,192.30509712098953,10
10,1.8952704592904923,9,124.33228713084526,127.15194112308646,9
7,3.1478976915736543,9,229.21947857309718,260.9920171339691,6
10,3.3717597393668126,1,304.7609628037386,318.66901229474456,5
5,3.3203448313512447,2,303.17299811104056,280.3528279159858,5
10,1.3659473495910195,5,156.37020291066358,154.1400263678047,6
5,4.5098434505215215,4,347.07449002654647,330.97516040949523,5
14,2.0624001703548243,9,141.9875252374935,134.23352690932225,8
7,1.5180596851312167,7,130.7254653231291,122.45315201053624,7
9,4.554992319475909,6,319.5566604363359,310.0037487842558,7
12,4.822605992919014,7,326.8790264516842,301.7763190122163,6
5,4.4485104690618025,1,375.9029537929678,373.34986016260405,4
1,4.238064298899513,1,353.54745809730946,342.33530536036324,5
10,3.620967922556087,8,267.4888563390545,208.89988253900916,8
10,3.2034294824365572,2,314.51446127623234,355.5739017662656,6
1,1.3479470396456406,9,102.1760237581878,123.95141684252124,8
2,2.633812852282795,7,211.61983864499834,204.0938241464984,7
14,2.490754068049256,6,216.94052073749936,217.31690173231132,7
6,2.039015135041305,1,239.42094216626742,215.98785521991618,6
9,3.8936804547543398,1,344.76015630400167,378.674613860219,3
8,2.9835029403150832,2,290.1504126943008,328.0961865897631,8
13,1.3241848636305917,6,146.68482610804537,149.81870067297587,8
5,1.8807328077992453,6,154.27903213304523,174.74964501675214,8
1,3.7330350546383837,2,337.01944424414216,340.52517982282063,5
13,1.3045234379612007,1,601.5807688366732,174.84626005915456,1
7,4.404827656195074,5,322.8403678090258,314.6039004297526,5
5,2.9805861080558973,5,249.4042340150679,252.04279335050705,5
6,2.922346309306592,2,285.59071345056157,276.4997590756927,8
13,3.3696311386380704,6,259.0381610245938,254.6650954758931,5
7,4.298723863700596,9,304.0181025385259,302.1901113883436,5
3,2.391236831608772,2,278.9322973158167,277.31472735850747,6
12,3.7120646102362542,2,310.9340861246505,311.97925593460013,7
10,3.2629278559831643,3,265.0600023116832,243.84790098375117,6
3,2.0681130806776853,7,178.64406377473426,164.30374079217555,6
5,4.514519945420632,6,341.6946343021301,316.0029489881307,6
6,4.189704086427712,8,287.9192495779912,307.4755605717152,7
9,3.633807338633702,8,279.8273502678377,237.71441143103118,7
13,4.402326916376968,6,304.06052798676933,327.13233485310786,6
14,4.4691768038392095,3,368.54438757582676,396.27137552108366,7
12,3.833451906860139,3,310.91920210022494,304.8755903605725,8
5,4.348053313454688,1,396.67386740039075,344.6111256438448,4
1,3.7898858466771346,7,307.28088109814985,300.05466985880406,7
14,3.7205630870412016,5,281.73393640572186,280.4502531799455,6
14,3.474445512860737,4,280.22337373301553,260.01140933443725,6
14,4.010866558230565,4,333.5458117985309,323.24144392236605,4
4,1.6344204211722948,4,172.25826552349497,202.862169500762,7
5,4.523483036795714,6,330.72781393875925,344.02635718479405,5
12,4.487374110980928,8,309.62327296699186,291.13199067942986,6
10,1.1169891321382366,8,78.22425058532934,46.2722671934207,10
10,4.303267002259051,5,327.9884539441295,321.4481075919341,3
5,1.5154794698937808,6,140.58285158266426,136.31371599565549,8
7,2.3404754170365676,4,213.0316826861975,222.95566643346385,8
4,3.974033025166431,9,290.0964615620181,279.3901273106649,6
1,1.6430395841932328,8,119.73477163740512,129.96476314464235,9
14,4.271868096476249,1,378.51016358979456,417.21324439099914,5
14,4.328536711830967,2,355.5277587548809,371.83777920376616,5
5,3.029870935043345,9,207.59585357516315,206.63408342854768,7
7,1.0255434868673343,8,113.38818765281573,109.72517823174984,7
10,2.148152532699651,3,223.9899213805124,216.85645869691498,6
10,3.467707673502969,8,256.62165536847107,280.23447361751397,7
6,4.924744712109694,1,420.0074526345746,407.46118371554854,4
5,3.5272541080666735,4,286.66562073625056,287.57007491625023,6
4,2.039214324256639,3,203.1693084377821,204.1932664754038,7
2,3.5360228123984454,6,255.88411084553977,245.84842698930913,6
4,3.159941518863422,7,227.21533318212101,199.76602222443898,8
10,4.119381580604575,4,371.3993112159054,377.8588012882588,5
10,1.4279225553078336,7,154.3455470295218,153.12546759241414,6
3,4.0441116100081125,9,252.38058110736642,262.38539049609784,7
10,3.165066314704441,2,270.0671095311129,259.3951034023296,6
1,4.851968015435979,3,388.34607185193613,412.76249782819707,5
8,2.3674886641547443,5,220.25829180995416,202.72281618571725,8
5,3.5304875725357925,3,310.06251188190805,344.3033175622659,6
13,4.72811242204007,8,319.8624084190987,284.90967822253344,6
4,1.410038911962717,8,122.72052081771953,131.41592210885736,7
8,4.7489139489458045,8,329.85302979913865,339.36164344967113,5
7,3.7515428892032534,9,256.3809684465952,240.46982708777756,7
2,1.2713482364206876,4,122.99138859402824,131.4792673512485,6
1,2.203854267787265,5,198.784261608608,224.3746350038112,7
12,3.8326883545811263,5,287.1902047609629,242.8538279738816,6
11,1.2694024058750868,8,118.7923156361329,128.84721178594918,8
4,3.328681840705093,7,294.4997954813567,244.63437907475517,7
8,2.383532227811827,9,178.52415865082418,159.21086258036001,8
12,3.4836620710699084,8,244.31677897160853,276.90010626962743,8
2,1.1829681352500514,2,184.80511064466188,173.1694699768208,6
3,4.486147224609505,4,356.40915178470846,332.931552496529,5
12,4.893955876709588,6,359.9387699593529,355.9800153796593,5
1,4.875511421142766,2,401.63344416680104,442.9915709300721,3
1,3.998607326971699,7,320.76459309074505,284.1309481466245,6
13,1.5203449605225279,3,164.25737110146292,143.23117286867603,10
3,4.033052783716091,3,339.0876481751373,369.03628183872985,5
11,1.098347665835206,2,152.0051430003893,189.15918987114395,8
5,1.088494206115989,8,113.64234206209306,111.57371757628738,8
12,2.294440876598165,6,183.88615492359847,159.10510087306562,6
3,2.954572761618663,1,281.0138634930435,322.9307335292267,4
1,4.081629671231173,1,350.4714315603018,382.3602793952858,4
1,3.7331815064260208,7,288.62814117573186,302.20708093097653,5
8,2.7836108255069933,8,220.79346618955583,204.54541921080744,8
10,2.0945066651266635,5,176.98463926090403,176.0040524441433,7
11,4.988498000630845,5,370.1338917028484,366.9266900819518,5
12,2.704725208943892,4,231.63981471539591,238.25684080770748,7
13,2.805548097318702,6,209.4553121789921,238.4753409416188,6
13,1.6544952847666767,6,156.01446132963505,173.6028021523831,7
12,4.1792381949997175,3,336.1270498731457,314.5795283334506,5
14,3.7747289031259545,9,292.8844814827401,320.4144104831309,7
2,1.8830784511550416,7,169.47910444971293,175.74174724997604,8
13,1.3295241824633708,1,169.10718843648868,182.848504353667,8
3,3.7219972082988524,7,264.848222435367,294.1790396209391,6
2,3.618044857124541,5,302.4034408589134,280.1718358686424,6
3,2.0930381079928373,5,226.90892807261912,226.19241649848985,7
7,4.803454249001641,2,364.41750525652907,353.78841422934477,4
1,1.604231567123601,4,148.05502825033037,116.69783974302125,8
10,2.7293392041704077,6,251.8248298808012,258.7590294328996,5
8,4.7744636806703955,7,342.3120335007873,392.54316453247577,5
13,2.6789092677044892,5,217.71016508412384,180.9086101940088,6
10,3.554103790656342,9,251.26566373121705,250.62005151022763,9
10,2.590377591851177,3,205.88643942581746,218.69729812731293,7
10,2.09686080939468,1,235.86228116263823,238.32384519576186,5
14,4.935910591839313,4,381.07195310300506,378.80939205269027,5
2,2.637336025260172,9,202.10421360867778,176.1198863397613,7
3,4.576396814716538,4,339.3753695986042,344.0311044574075,7
9,1.9198184235643447,2,216.47441283491108,201.33913329459256,6
7,1.8524188161003332,5,567.2637595751262,123.46532547555512,1
4,1.1245363315380454,3,161.30293622739748,185.1947806376721,8
10,3.60666730150354,9,232.96984325476706,252.13755965160792,5
5,2.4741053748950446,4,222.32480990629935,223.35802944332096,6
2,4.457432999358549,6,312.5087490396595,317.09024280377355,5
13,2.8928396267662286,2,283.33742123332854,304.8237814876398,6
11,4.872773711658887,6,365.24318944938324,369.7299825849449,6
13,1.7421020628124846,3,191.00681521938787,209.08716631461417,6
8,4.474492671822443,9,299.043130233747,293.09348621627,5
4,4.106387411166967,2,324.65437345051487,350.8940482219938,5
9,4.083687378576208,9,270.52609299447073,276.9418075131244,6
5,4.379132912467551,5,331.9949054924269,335.87594436454435,5
13,4.044095963771996,8,321.9576541917694,296.55643241752875,6
9,3.5048812865256616,2,293.6133718049272,299.3524888909614,7
4,1.5249795107295503,6,173.4614292250596,156.82233087517056,8
10,1.1301047179650077,3,172.75916467988756,159.99351014931767,8
5,4.683391391262747,5,355.2130295431169,338.90551697679444,3
9,3.466601258082952,8,674.3753827479042,253.05068410991964,1
8,4.186149163904705,1,366.75053192338527,409.2459599837245,5
3,2.9260894060502003,5,251.40275229803095,278.029533537799,7
1,1.469232755849578,3,177.35715555571147,215.7645055985967,7
3,1.5007431688102018,4,188.39812336489152,163.94022297378024,6
4,3.7422611489158855,2,340.9827074421164,342.40778244033424,5
2,2.7212235795978508,9,183.88825546342787,158.01810295934595,8
1,1.8020989068013469,3,178.3372264890993,164.423328945158,8
7,2.9663781869657475,2,274.93798165701,256.5754419886785,6
8,1.2568357483005363,9,93.40956643206748,118.20124656089871,9
7,3.327885607657595,7,248.72026784022538,240.79567427819018,7
14,2.0759736177403907,6,203.11998908468553,224.48757575856587,7
5,4.190236402548752,1,354.5546593266233,366.6370771183937,5
12,2.241447835694295,5,203.84451942198407,249.91729446407984,8
1,2.820880596327205,3,260.12317680175823,230.53429233896375,7
7,1.0464821596324025,1,185.51539281102342,210.7000576067594,9
13,1.2897875511782355,4,123.68391306092505,146.61273046893962,7
7,2.5699742256267393,2,245.09794911612488,225.6303723555842,7
9,2.919755338868494,2,278.3545757163017,298.4972424457649,5
3,3.400082192477215,3,312.0061158950358,318.7290151555604,5
9,2.166650314837213,8,162.6204821776397,158.07095697857156,7
14,3.77992754450617,8,238.6473620797421,222.16865234030212,7
1,4.440489588756819,7,325.7250470149012,311.3428579859175,8
1,4.119403955573399,6,297.63380150201954,338.6300434177381,6
14,1.1584753013934286,9,81.66351819725028,81.67717457639993,7
4,2.9220277890313158,4,245.95648649618056,261.59908652680974,7
9,1.4197207136726995,1,192.41536245552422,176.59737482217315,5
6,1.9681800634501099,8,149.0196338389334,133.42257491450061,8
13,4.946650373068586,7,313.7155315276291,335.35522771262794,6
11,1.569982171606053,7,157.65492324967016,130.66339901863952,8
3,2.9955526138054243,3,288.8562824475063,280.5520070894009,7
1,3.4726229372724764,4,298.1302061064412,298.8107543278859,5
4,3.809859882176416,9,241.5263078742127,243.75375991101376,6
12,3.2385947339476564,6,251.29331102764658,247.71144532732345,6
13,1.0390833896767346,5,132.24718365216222,140.1635792740807,7
9,2.3058452329759676,3,237.33262982198667,251.1897449383429,7
3,3.0708465735388457,9,224.27590174310194,238.96865265228854,5
12,1.3514659965793334,5,140.0753528130826,120.35927663972606,7
9,2.402507724836723,5,215.3803968364068,209.69729487783084,6
7,1.1328124351654663,4,154.82795217915657,178.7232094166953,8
12,1.314313988620083,4,180.69617414940646,198.5891179008839,9
14,2.5876931048063843,1,275.8291843857539,248.3719953561326,5
4,1.5308630161722414,7,553.6876312809673,160.7172292880113,1
3,3.2701633930462326,9,227.46720300171435,187.90269801421815,7
10,3.757859876549063,3,336.62847977099636,337.56717781220374,5
5,4.2023467964363315,2,358.28724972557234,396.24259006049186,5
5,1.8006009769792404,3,185.11973996615086,166.16188562077113,7
3,1.669930329036279,1,231.2463692940546,214.55990838422295,6
12,1.418271361337601,6,155.56483076834147,170.84542639979867,8
9,3.545720998174547,7,256.0975995735456,225.24156926935268,7
4,3.8259029059476046,2,322.3617798458676,309.70667924816684,4
11,1.1263445793025681,8,112.02930793526552,123.95813068690057,8
5,4.744848984974759,6,351.63871102749926,338.9529940737112,5
4,1.2078851346058896,4,155.4324920608215,150.71309231660206,7
5,3.165185341204282,5,264.5807505739002,279.4644647802009,8
7,3.8362420778036657,8,295.67388528686564,304.10480695759685,5
9,4.483876494984342,3,375.1057369825838,380.44210490849184,5
7,3.856347728529711,3,324.24039758075804,317.4579519953573,6
13,4.206912332279167,4,346.5343986482623,353.93562095364143,5
5,2.3578007701712242,1,235.98018765736035,233.50553405536522,5
10,4.2593004549860485,9,291.52693304836504,300.68304524688074,5
10,1.3204593855387006,8,146.36715837831866,136.4285178759591,9
7,4.579266624242111,8,311.48530902364104,307.8339295360502,5
14,3.190369504614945,6,238.70766134761047,218.9085054965702,6
10,4.269191079849975,7,296.37013146210256,295.66997926197786,7
5,2.8092731380732006,6,212.2118927242562,195.99187545167928,7
3,3.5743107807861,9,232.68721822525043,210.40628922201057,6
7,3.105610643744453,3,270.77901714581674,275.9522401029245,6
13,3.9263580870213275,3,304.4979799336,308.7527754507532,6
11,1.3265199281223583,3,169.82547069658554,185.48294539555698,10
11,1.2414083359622552,3,178.01865776453502,169.39614637303305,8
2,1.9884129360405858,9,135.68843346023132,143.84949039696644,9
12,1.6381787204527534,4,201.0799820817917,212.09593352726498,6
9,4.487134266368807,7,326.88993731004234,335.78541346667424,4
10,1.8768559494321773,9,158.0700657502915,141.55699209424864,8
10,4.903461023276526,7,334.3401430888095,337.3274127342333,5
12,2.3475831670844274,9,183.67286843106484,190.95567435215807,6
1,1.7284716627547971,3,177.32929125935814,177.47286059751698,7
13,4.1587940285699165,4,342.88135422674264,301.151801059321,6
6,3.6348311020035045,8,260.6674562171132,263.87724869658285,7
7,2.992782865812556,6,247.8657402485251,292.1163610364699,7
14,3.221454203750525,5,245.6533331406587,238.45254776551906,7
13,3.8768071130890553,4,299.18237915119425,284.6208371940878,5
8,1.913818965325195,8,163.78756119331248,171.25453238754045,7
10,4.985335664226968,1,394.8949197902551,401.1424839995865,3
9,4.8991726485871325,9,330.8984532967148,354.7531566050431,7
2,3.6013027453877475,1,305.57109762636117,280.41373450818344,6
11,1.7981698037165805,8,160.61280141299486,175.2404064644947,7
10,3.7209129697251653,4,284.7669284619823,296.5753696870115,5
2,1.2887936359167034,9,115.61211722019505,112.76918648138412,10
5,1.1226100088232243,5,146.74106453408348,153.5148108925173,7
13,2.0307315540448547,3,201.39231596624765,221.9814655982148,7
5,2.850491826957265,9,209.75990812370682,227.20621572427584,7
6,4.4730900216335225,9,302.2920352480147,279.43164900654017,6
3,3.908676279065232,4,306.4379489010228,322.8411126361325,7
8,3.970826084799924,4,303.1212448268523,301.82747272620196,8
13,2.7019733377923014,8,172.67901489244937,174.13649685275968,8
1,2.3837399701878517,2,248.2691489207665,249.73308874080038,5
6,2.484155051938411,9,155.57726154587382,152.57240176990862,7
4,4.950598254944231,6,358.46605828827353,382.30020823041485,5
1,1.16043676564993,9,95.67448269776204,94.0001235007778,10
7,4.468125984489794,8,318.27470070096064,295.88377813329726,4
9,3.3147016342895737,7,244.35141556502643,236.48081844563185,8
13,2.754461676758362,1,270.3259838102953,273.8998781465048,6
4,3.901030641660546,3,335.0398990639572,359.6241947498982,6
4,2.9466757656988114,2,281.82641637819046,293.88831007716715,6
6,4.493692952326642,5,344.3639164973402,327.35321092239934,4
12,4.602807456045034,5,353.20746120982994,402.91125954340777,6
3,2.6868837074938217,5,208.1794406015227,213.4749468210823,8
13,2.1073111889402063,4,217.7905015362171,243.2983162961974,8
12,3.369401314373449,5,281.351110772611,278.3168221010664,6
6,4.649453382466763,3,353.71695601935835,364.3841409134673,4
7,1.8426487560226663,1,216.89771825624695,233.68708834661504,5
11,3.491866334253931,5,278.9223707408214,303.28626497590653,7
10,3.526240880370082,9,239.55700105617893,260.7043671637434,7
10,3.932452089661124,9,270.9550248781955,288.39896487965507,5
3,1.5262707405090392,4,193.0467461580101,186.74501153412794,7
7,3.8632998587283542,3,338.0244924387937,326.58957159967247,5
14,4.636130082662564,1,368.4845170582828,375.13666726476674,3
3,1.7187324354809679,2,212.4549959834488,231.1175574302702,6
13,1.9501732996955106,8,176.9443977747618,172.48998375922966,6
13,4.885580376166558,1,408.93695038033155,430.2403896946193,4
2,1.723907810837959,8,159.79917502806705,188.85150993779064,7
12,4.4175403734783165,7,345.2364790942105,326.9100607127421,4
14,2.969111425792139,8,233.50232873913308,216.7639146632075,9
10,1.9889242976127082,6,183.07508679138843,180.2675856132817,8
4,4.482999605090045,9,314.656303416674,320.80855678045793,5
12,2.781221020010662,3,259.0465786970931,248.55523842175205,7
8,3.0592694157187608,4,263.91471059239996,290.95876416974284,7
13,2.4369334775990628,6,200.94479512023779,209.42613235060682,8
9,3.3718034057397097,8,265.7594047268642,266.548345691679,5
7,1.654095490340091,5,156.96929943127546,128.25110895390492,9
1,2.564326146607043,3,266.8450846665943,240.52876833804413,6
3,4.87764928934115,6,360.1569192165746,365.7771042222107,4
13,2.03253373080451,4,180.9624312262415,138.3105187031448,8
12,3.626946658165169,9,253.13153888478146,273.3842870776629,8
14,2.3007602568987795,3,196.54521779915243,193.38214091170602,10
9,4.093892502746403,4,335.0161704172497,399.8780298091444,4
12,1.5234946428733993,7,154.6881508172388,200.84647582956103,8
1,4.879284180314179,7,333.87171148407,330.2427300991196,5
9,2.815158165534557,4,250.76270537140715,248.63596532078085,7
8,1.9442018533858558,6,205.96447270940564,225.87610298944622,5
1,1.2939869893200506,3,160.05301879527397,194.11647099363472,6
6,1.679031620350163,6,144.85828341516077,112.09770226644044,7
5,3.0790957942240706,2,306.97069869038324,271.2431893832895,6
6,2.348012705725145,8,210.31957020147064,197.87887409038302,6
10,4.315533463530437,2,358.98744288954396,370.6421945530212,6
12,2.7235500946472238,7,228.58495120995877,238.52242302011072,8
13,1.9948570903505196,9,169.81356415399438,191.2089932536714,8
13,3.46857994641612,1,306.97753329689147,282.9835827295853,7
13,3.8271088675417833,8,262.346944521989,216.02406726261142,7
5,1.6681676316037994,7,168.55317559354899,185.7134594995919,6
6,1.6704768651532707,6,185.5038260898239,168.9399006305192,9
5,1.1466857077341719,6,137.24435536666564,96.87459807889289,7
11,3.945608060262562,6,283.5392683132229,286.44054323241056,7
12,3.6552181104872203,9,279.11900330472486,294.9825170690984,8
5,2.8985235029992555,2,265.9468467127759,263.50570407035036,7
4,4.376681795876788,1,367.5738410350355,358.41687331138576,3
3,4.222680611800213,6,318.4959042253571,315.30865958243896,5
3,3.3414174575870086,8,263.7974537659421,256.38579851792645,8
4,4.4730851220530345,3,371.1947469714654,344.23380473266207,5
9,1.823364840147073,1,225.62487291425305,211.33125937444441,7
2,1.4476784775909115,9,123.81003660722628,134.23563470750258,9
9,2.0789984460679585,1,235.39262679372948,241.82619762125947,7
1,1.2283474243572594,3,172.07293817921317,175.43413429854957,8
14,3.124678112004128,8,189.53728555483318,169.63431591776558,7
1,4.746422769179846,3,370.3362542647438,366.70619102203045,5
5,1.1573741626740386,4,153.06227878419404,109.52097785533694,8
6,1.4884396560401072,8,112.04116810811382,115.61070138582161,9
6,2.808796113133741,1,284.32261655519784,312.89977071146916,6
3,4.73550007011162,6,341.0629358919054,311.58029325106327,6
7,2.264624419907002,1,272.20960066915245,260.49104720279735,6
9,3.0289392347535697,1,315.33164996343703,321.9137855376396,5
11,1.1662914362015684,8,102.99040263532166,128.04725532387133,7
12,1.5933728038483554,4,173.3398025574009,164.37531023139792,6
10,4.946520491835388,1,405.68201602599737,391.8370094406794,4
8,4.860474785744183,7,334.8535950022566,295.47513215393496,7
6,1.0197599237376385,5,134.1109701846802,136.17973277084235,7
12,4.807247141692956,5,347.06059746826355,387.9021182711384,5
8,3.5564797512620014,1,306.4295550516572,311.9767242909507,5
12,4.4716731780800885,6,337.6410590433093,337.19547945963507,5
5,2.8189594225354364,9,208.58050911545337,215.02215533079308,5
8,3.062384114317001,9,201.6783104641202,201.45647038514815,7
10,2.9553863210276807,8,230.7535107230998,214.4932232778972,6
12,3.6674570301844174,5,280.5737558735851,297.0393541871392,7
4,1.5586050190252516,1,207.31377971208482,211.8290101743199,7
10,1.1198943594907118,9,109.49882175862956,109.85108679730271,7
8,2.2317197663647637,1,243.39899751133012,223.89167696576513,8
10,3.818723050946587,8,275.9444967389122,302.0146553776074,6
12,1.8074138084917934,5,170.69838385119402,183.99243875785623,8
2,3.6937297332996692,3,308.67678524655867,297.61836849921264,6
12,4.879648184429081,7,339.69099960253976,359.7274966761785,5
12,1.3756028631576735,7,121.33749659135682,111.38607982365268,8
5,3.690408472900505,9,248.7728959272936,233.13282607707288,7
9,2.7750008772182846,7,193.27077815014087,178.07671580053514,5
4,4.472569017510022,3,350.98683484346975,315.56546378170793,5
11,1.7085991577895436,1,208.24281706682757,217.67366467519167,7
6,3.770503808904658,8,262.38753224684876,225.76463468008177,6
1,4.35246115859244,3,347.5252078274848,322.95633120216957,6
9,4.778456877896093,8,325.78094967586367,284.269189494293,5
1,3.7329921131585833,8,271.171149560806,269.44975570498815,6
5,2.9886990560337092,5,262.4396994740104,259.433290268573,6
4,3.4713889608048554,1,308.5368592455673,302.00293498184004,5
13,4.475619937914873,7,300.48918344405524,279.63762955064374,5
12,3.2824389865553187,5,251.31567300967254,227.87099794093973,7
13,1.1215482387873474,8,99.98485050931694,109.27224778024842,7
13,4.723794782027911,9,308.148867154427,297.13782852025724,6
14,3.7581070041262445,7,263.9364792546128,270.2636456853357,4
3,3.706053543108986,7,252.92146262279073,235.21648890030627,6
13,1.8627006095908687,1,214.9202241633393,218.54147901876095,6
6,3.635541880930629,4,300.8539121575473,326.9194729038686,7
2,2.575457622616634,2,263.45289934453155,275.1762153523872,6
3,3.6049319081659683,2,307.9345686933333,299.68629232900366,3
5,1.4263721212319629,2,179.38735994176625,184.53133934888479,5
9,3.631381218412144,4,283.982398472019,279.16909498141473,6
2,4.997654903082666,1,409.38770662933837,409.5453103232329,5
10,1.1928481554422241,4,138.84445981367125,132.33223877070117,8
8,4.908696736885269,2,403.1187214117341,399.8320172940263,5
14,2.6276318428914824,5,200.86991319447728,205.11178025596078,8
2,4.483013801349037,3,353.58638299415526,333.71920900251627,5
11,4.129541936233094,8,292.2891262618618,271.9715497220622,7
13,3.268065043946671,4,278.8414203816379,251.07056930501366,4
5,3.953796837005306,1,387.6233151800258,355.6178930899516,4
7,4.514062245205391,1,386.0907350808421,361.7450812364325,3
8,2.616561286604132,3,231.93285824361777,235.12210837970036,6
1,2.308132646252955,9,167.05599506884118,149.2002447590035,7
6,3.670373542254339,7,243.57871753326356,253.8510068178855,7
1,4.231383767765035,2,352.67402982645064,353.3683048015019,5
2,4.049140539106463,9,260.45259149137644,221.08250722261536,5
1,4.191254595434538,2,365.2061298594747,378.3056415439085,5
11,2.742333259251732,3,246.2968914361709,262.5128643480051,5
5,4.2713368647000864,2,354.52872314507647,334.6514696483794,6
10,1.4808362214824338,3,569.31680566788,177.7206365257798,2
9,3.177956391843398,6,276.7601537884039,259.63018904021993,6
6,1.0230346419924863,9,86.5634370277805,88.51684456274721,10
11,2.298343319601081,9,195.3889548282529,170.0989866891536,6
11,2.4658461394855915,7,210.16304480090952,174.300915750218,6
1,2.5846907664370216,3,252.31244689625208,244.6561031039927,5
13,3.7818688267594487,4,312.4431268153297,309.968547889833,6
1,2.554232405081383,6,219.16090377812674,211.20730990583465,7
2,2.7947744904901226,5,208.7713807392232,185.090769574772,8
9,1.9501765234973099,2,212.82734049757724,204.8293592549545,9
3,2.4930071665173603,6,622.2577995588065,227.64369461042114,1
1,1.909078509052606,3,203.81125279104478,202.91339218859403,8
5,1.2927836950737746,8,96.48917400237286,100.13919461435714,8
7,3.4137943735255116,2,304.04159565286864,290.63929164378396,5
6,3.672851194220065,1,355.9326543970363,379.3670126913595,4
12,3.477961384038458,9,257.38105877532826,233.85759204423263,5
1,2.8539761752022894,3,260.3085103716469,270.0597163133813,8
5,2.5191431207169193,1,275.42032639888646,299.0581482580857,7
5,4.4533345982873005,7,311.70247059171726,321.3206324466952,6
6,3.076327140544872,5,229.02155463029158,224.97107008899496,8
3,2.916727510518924,5,231.1366608091921,220.57071987593253,5
5,1.1025682632257428,1,199.59742732116754,220.31918034209266,6
7,2.3649913105046254,9,167.78958240283794,139.33008389760448,5
5,2.5207824751434282,7,197.5961888179804,178.19370361038753,6
5,2.595291123587602,8,191.2198944711329,183.26873916129847,7
5,3.320689476909329,9,257.80341745815485,282.5564926083948,6
10,3.134410186907514,6,272.45399494488174,280.04934766569966,6
10,3.4316203711737785,5,309.1789257721487,289.8180106019438,4
3,4.059533046168513,6,301.18630461411,294.9801505064119,7
1,4.251942954864374,2,359.55094462306886,347.26448174114296,5
5,3.8724923049059776,4,289.59990005304684,275.4041202083761,7
14,4.822094783819739,3,401.47970342095846,421.05749459209403,3
9,1.0729303307054465,7,96.85912657330776,69.42426398803765,9
14,1.7831119427341844,9,140.2383500204905,172.41396713517796,7
1,1.0302514999125685,5,115.35555208026146,131.92014588395392,8
3,3.589898856618412,6,266.5609289960243,288.37816240809826,7
13,4.592122195799948,2,362.9683952822514,353.7096050417462,5
13,1.973929186305197,3,199.31762226817455,196.31880788659237,6
4,4.708138179185227,3,364.40145020387894,335.7384139133847,5
14,1.2410695611582434,9,96.24014174561843,85.74689360428238,7
1,4.737744107222057,7,346.76465511002806,356.6377520628911,6
1,2.4064907489585377,8,167.8165030415745,193.73776427720242,7
8,1.405683313796866,9,117.64912023301997,95.50598389697095,9
2,2.9434870367453025,6,254.87860948930154,247.5684907495962,6
12,2.0271062708820318,4,193.92843078522094,190.9024463805705,7
8,2.1394916078476913,1,227.60071310964747,199.68492906579777,6
7,2.2291598597051463,8,170.291722204605,182.11870703977303,8
10,4.212103591330654,7,320.42209360524987,305.9422869703977,5
10,3.156645106701018,2,292.31032086636145,288.40251384282095,6
2,2.2452307966240146,8,166.7456333783269,157.70664594008935,7
6,3.4413351332436735,5,283.73825776244104,267.95148764804753,4
6,3.8646026968927742,7,265.3417795660201,265.20087985640896,6
3,2.090496002934135,4,215.6501528326923,211.33796126133186,6
11,2.654196406101406,5,235.3808939816109,227.9437363360376,7
2,1.4875443733477902,8,124.63553533378413,110.06630290017728,7
12,1.7245973981387213,1,200.8970569116148,207.28755032727392,8
1,3.7244714158599312,1,320.168071117344,353.24041648718975,5
6,1.7257533907825078,4,191.56746349213913,194.36520814892168,7
12,3.1006535346682407,3,294.4739196174304,314.396283915653,6
5,3.8361850468897307,2,320.611486607952,292.8070481048827,6
14,1.4275076923789753,3,182.52626209601078,185.68149088188616,7
14,3.269248878515614,1,274.8495274319058,252.90216105248447,5
11,2.026251134805455,1,222.8058021284693,193.26730357783129,5
9,4.851707500950319,6,350.6365660639556,335.84913791477493,4
1,2.934182586879699,5,232.4057039580544,256.24369064632583,6
7,4.223970199100632,8,279.390616324194,298.39093289758694,6
5,3.200906168625047,2,282.0376767704695,286.8977712115575,6
5,1.1736501314192767,4,154.8018988100522,124.14788761225358,8
14,3.5326055023760894,8,249.14639486646976,245.22078183871102,6
2,4.805613368826628,6,314.7633336297231,320.7973338077578,6
11,3.4064472805853248,1,282.5763345455935,286.08705913716545,7
3,4.276755437707161,4,327.50234859457197,290.62647692495705,6
7,4.536825853393632,1,389.0748499944212,371.2684930340238,5
6,1.91231908779573,2,173.5265726268653,172.24501734389096,7
12,1.8481793596329066,5,173.39480893569993,184.12062712604373,7
2,3.443923955403967,8,238.7417194764767,194.81916305447777,6
6,2.644113879226819,8,219.47189942673586,216.2294199171387,6
2,4.359445211466881,3,345.79138551231995,348.652360909899,6
2,4.600092493592045,4,361.7503843866366,378.74262415696086,5
2,2.4136855172108724,6,606.9399881339643,220.79713981871308,1
14,1.9474822358979282,3,174.89043695676767,186.54186333294376,9
11,4.122102060975447,2,358.8492319080029,342.8504217739642,5
3,2.0992241421925444,6,189.18439611339699,151.02435337093084,6
2,4.290457274054713,5,335.0514660384016,327.1904108971736,5
4,2.6949530145950513,5,290.59074647224804,310.62338297641924,6
9,3.670199597165882,5,258.9502817374741,286.8193722879627,8
6,1.3821412553386727,5,178.79892506673698,193.0099071126927,6
1,3.495437298706292,3,295.4145251313722,304.0013415874069,7
8,2.8070707149489165,7,222.73417646298012,230.32696943069942,8
12,3.3464338527018964,6,260.10334748259515,248.98097254737954,6
14,1.6720568309794537,4,173.95986485779656,171.35865898672415,7
7,3.9474949797767285,2,328.3022048630223,361.68359537954893,4
10,4.451188310172914,9,302.01392964397,283.1627695281325,6
